order_line_id,order_id,product_id,quantity,unit_price,line_ts
L20260310-0000001,O20260310-000001,P00051,1,88.95,2026-03-06T12:29:34
L20260310-0000002,O20260310-000001,P00084,1,90.61,2026-03-05T16:56:31
L20260310-0000003,O20260310-000002,P00013,2,90.80,2026-03-05T10:26:02
L20260310-0000004,O20260310-000002,P00073,1,35.38,2026-03-06T17:59:37
L20260310-0000005,O20260310-000002,P00075,2,144.44,2026-03-07T10:14:24
L20260310-0000006,O20260310-000002,P00073,1,35.38,2026-03-05T08:48:52
L20260310-0000007,O20260310-000003,P00093,2,184.63,2026-03-05T05:08:46
L20260310-0000008,O20260310-000003,P00070,2,82.95,2026-03-10T16:02:53
L20260310-0000009,O20260310-000003,P00109,1,202.31,2026-03-04T04:53:40
L20260310-0000010,O20260310-000003,P00030,1,214.54,2026-03-07T16:29:23
L20260310-0000011,O20260310-000004,P00080,3,72.41,2026-03-10T00:34:35
L20260310-0000012,O20260310-000005,P00002,1,112.31,2026-03-06T00:32:52
L20260310-0000013,O20260310-000005,P00090,2,34.54,2026-03-09T16:09:15
L20260310-0000014,O20260310-000005,P00025,3,138.71,2026-03-05T08:50:25
L20260310-0000015,O20260310-000005,P00011,1,51.47,2026-03-07T22:14:19
L20260310-0000016,O20260310-000006,P00084,1,90.61,2026-03-04T12:35:30
L20260310-0000017,O20260310-000007,P00082,1,141.76,2026-03-03T13:41:50
L20260310-0000018,O20260310-000008,P00073,1,35.38,2026-03-07T06:57:55
L20260310-0000019,O20260310-000008,P00089,3,221.76,2026-03-10T02:43:59
L20260310-0000020,O20260310-000008,P00036,3,314.75,2026-03-08T10:01:13
L20260310-0000021,O20260310-000009,P00097,2,166.80,2026-03-08T18:15:36
L20260310-0000022,O20260310-000009,P00107,2,155.56,2026-03-04T23:08:50
L20260310-0000023,O20260310-000010,P00065,1,137.52,2026-03-04T07:53:04
L20260310-0000024,O20260310-000011,P00078,3,203.66,2026-03-05T00:40:17
L20260310-0000025,O20260310-000011,P00101,2,276.64,2026-03-05T17:24:27
L20260310-0000026,O20260310-000011,P00024,3,218.72,2026-03-06T07:45:04
L20260310-0000027,O20260310-000012,P00035,1,122.53,2026-03-04T10:23:06
L20260310-0000028,O20260310-000013,P00001,1,124.15,2026-03-06T03:08:05
L20260310-0000029,O20260310-000014,P00056,2,179.45,2026-03-04T03:01:05
L20260310-0000030,O20260310-000014,P00046,3,153.99,2026-03-05T12:00:18
L20260310-0000031,O20260310-000015,P00050,1,15.11,2026-03-08T21:24:10
L20260310-0000032,O20260310-000015,P00018,1,7.46,2026-03-03T04:04:10
L20260310-0000033,O20260310-000015,P00056,1,179.45,2026-03-03T02:23:16
L20260310-0000034,O20260310-000015,P00032,2,78.43,2026-03-07T14:06:08
L20260310-0000035,O20260310-000016,P00001,2,124.15,2026-03-04T10:28:21
L20260310-0000036,O20260310-000016,P00056,3,179.45,2026-03-05T19:44:12
L20260310-0000037,O20260310-000016,P00062,1,71.15,2026-03-05T09:47:44
L20260310-0000038,O20260310-000017,P00074,1,101.93,2026-03-06T12:23:07
L20260310-0000039,O20260310-000017,P00120,3,94.97,2026-03-08T21:49:35
L20260310-0000040,O20260310-000017,P00004,2,182.76,2026-03-06T22:04:52
L20260310-0000041,O20260310-000017,P00109,2,202.31,2026-03-06T07:16:42
L20260310-0000042,O20260310-000018,P00092,2,168.91,2026-03-03T19:30:37
L20260310-0000043,O20260310-000018,P00052,3,257.89,2026-03-10T11:44:57
L20260310-0000044,O20260310-000019,P00014,1,22.31,2026-03-10T18:41:43
L20260310-0000045,O20260310-000020,P00097,1,166.80,2026-03-10T03:16:14
L20260310-0000046,O20260310-000020,P00066,3,10.75,2026-03-07T14:23:25
L20260310-0000047,O20260310-000020,P00060,3,274.02,2026-03-05T00:30:06
L20260310-0000048,O20260310-000020,P00038,2,122.02,2026-03-08T11:19:21
L20260310-0000049,O20260310-000021,P00101,1,276.64,2026-03-05T15:06:28
L20260310-0000050,O20260310-000021,P00093,2,184.63,2026-03-06T01:51:45
L20260310-0000051,O20260310-000021,P00015,1,114.30,2026-03-08T23:15:33
L20260310-0000052,O20260310-000021,P00023,3,170.56,2026-03-04T14:14:51
L20260310-0000053,O20260310-000022,P00081,1,102.43,2026-03-04T00:47:39
L20260310-0000054,O20260310-000022,P00114,1,246.88,2026-03-04T12:00:45
L20260310-0000055,O20260310-000022,P00028,1,263.53,2026-03-09T17:11:23
L20260310-0000056,O20260310-000022,P00042,1,93.45,2026-03-06T21:55:31
L20260310-0000057,O20260310-000023,P00077,2,157.08,2026-03-09T11:22:54
L20260310-0000058,O20260310-000023,P00059,3,6.15,2026-03-09T21:08:20
L20260310-0000059,O20260310-000023,P00016,1,230.65,2026-03-08T11:44:09
L20260310-0000060,O20260310-000024,P00054,3,190.10,2026-03-04T13:11:31
L20260310-0000061,O20260310-000024,P00082,3,141.76,2026-03-08T15:18:08
L20260310-0000062,O20260310-000024,P00024,1,218.72,2026-03-10T11:00:31
L20260310-0000063,O20260310-000024,P00018,1,7.46,2026-03-03T13:43:31
L20260310-0000064,O20260310-000025,P00091,2,176.65,2026-03-09T18:01:50
L20260310-0000065,O20260310-000025,P00098,1,27.94,2026-03-06T07:34:18
L20260310-0000066,O20260310-000025,P00022,2,70.70,2026-03-09T18:07:17
L20260310-0000067,O20260310-000025,P00100,3,132.98,2026-03-10T23:28:34
L20260310-0000068,O20260310-000026,P00055,1,102.20,2026-03-10T14:16:22
L20260310-0000069,O20260310-000026,P00111,1,155.49,2026-03-07T06:51:47
L20260310-0000070,O20260310-000027,P00111,3,155.49,2026-03-08T06:52:13
L20260310-0000071,O20260310-000027,P00104,1,71.48,2026-03-06T19:34:10
L20260310-0000072,O20260310-000027,P00042,1,93.45,2026-03-06T16:57:43
L20260310-0000073,O20260310-000028,P00018,2,7.46,2026-03-08T22:55:08
L20260310-0000074,O20260310-000029,P00019,1,267.61,2026-03-03T04:36:40
L20260310-0000075,O20260310-000029,P00035,2,122.53,2026-03-09T20:50:56
L20260310-0000076,O20260310-000030,P00052,3,257.89,2026-03-03T15:20:37
L20260310-0000077,O20260310-000031,P00112,1,208.38,2026-03-09T17:25:13
L20260310-0000078,O20260310-000032,P00106,1,154.38,2026-03-05T09:21:35
L20260310-0000079,O20260310-000032,P00074,1,101.93,2026-03-05T21:48:03
L20260310-0000080,O20260310-000032,P00006,1,30.11,2026-03-09T05:28:29
L20260310-0000081,O20260310-000032,P00001,2,124.15,2026-03-06T05:55:59
L20260310-0000082,O20260310-000033,P00012,1,60.77,2026-03-05T21:57:41
L20260310-0000083,O20260310-000033,P00022,1,70.70,2026-03-07T13:41:05
L20260310-0000084,O20260310-000033,P00091,1,176.65,2026-03-03T02:08:37
L20260310-0000085,O20260310-000034,P00067,2,109.86,2026-03-05T03:55:27
L20260310-0000086,O20260310-000034,P00089,1,221.76,2026-03-07T12:05:46
L20260310-0000087,O20260310-000035,P00014,1,22.31,2026-03-08T12:49:52
L20260310-0000088,O20260310-000036,P00083,1,60.39,2026-03-10T19:41:10
L20260310-0000089,O20260310-000036,P00057,1,50.52,2026-03-04T19:43:28
L20260310-0000090,O20260310-000037,P00012,1,60.77,2026-03-04T11:27:20
L20260310-0000091,O20260310-000037,P00102,1,104.40,2026-03-09T07:35:38
L20260310-0000092,O20260310-000038,P00100,1,132.98,2026-03-07T23:25:18
L20260310-0000093,O20260310-000038,P00083,1,60.39,2026-03-04T03:15:31
L20260310-0000094,O20260310-000038,P00082,3,141.76,2026-03-10T11:59:20
L20260310-0000095,O20260310-000039,P00050,3,15.11,2026-03-08T15:49:04
L20260310-0000096,O20260310-000039,P00003,3,137.80,2026-03-06T06:02:59
L20260310-0000097,O20260310-000040,P00102,2,104.40,2026-03-04T13:44:25
L20260310-0000098,O20260310-000041,P00082,3,141.76,2026-03-08T08:05:19
L20260310-0000099,O20260310-000042,P00066,1,10.75,2026-03-05T12:37:40
L20260310-0000100,O20260310-000043,P00040,2,69.60,2026-03-07T02:59:27
L20260310-0000101,O20260310-000044,P00059,3,6.15,2026-03-06T21:47:42
L20260310-0000102,O20260310-000045,P00016,1,230.65,2026-03-08T15:22:33
L20260310-0000103,O20260310-000045,P00067,1,109.86,2026-03-08T23:49:55
L20260310-0000104,O20260310-000046,P00094,1,184.89,2026-03-04T08:33:04
L20260310-0000105,O20260310-000046,P00034,3,159.22,2026-03-03T16:23:03
L20260310-0000106,O20260310-000046,P00064,3,62.69,2026-03-08T08:49:06
L20260310-0000107,O20260310-000047,P00030,3,214.54,2026-03-10T07:02:30
L20260310-0000108,O20260310-000048,P00050,1,15.11,2026-03-04T07:20:15
L20260310-0000109,O20260310-000048,P00054,1,190.10,2026-03-05T03:32:43
L20260310-0000110,O20260310-000048,P00116,1,120.21,2026-03-10T12:04:56
L20260310-0000111,O20260310-000049,P00111,1,155.49,2026-03-09T17:29:00
L20260310-0000112,O20260310-000049,P00048,1,71.42,2026-03-06T23:39:15
L20260310-0000113,O20260310-000049,P00060,1,274.02,2026-03-07T23:57:34
L20260310-0000114,O20260310-000049,P00098,1,27.94,2026-03-04T00:14:34
L20260310-0000115,O20260310-000050,P00082,1,141.76,2026-03-04T23:46:19
L20260310-0000116,O20260310-000050,P00014,1,22.31,2026-03-04T15:03:09
L20260310-0000117,O20260310-000050,P00092,1,168.91,2026-03-07T16:26:44
L20260310-0000118,O20260310-000051,P00059,1,6.15,2026-03-08T20:52:25
L20260310-0000119,O20260310-000051,P00010,3,171.97,2026-03-04T21:08:15
L20260310-0000120,O20260310-000051,P00038,1,122.02,2026-03-05T10:28:17
L20260310-0000121,O20260310-000052,P00010,1,171.97,2026-03-09T04:06:10
L20260310-0000122,O20260310-000052,P00058,2,103.09,2026-03-09T17:22:49
L20260310-0000123,O20260310-000053,P00058,1,103.09,2026-03-09T02:10:51
L20260310-0000124,O20260310-000053,P00088,1,237.21,2026-03-07T10:09:05
L20260310-0000125,O20260310-000054,P00046,2,153.99,2026-03-06T08:52:11
L20260310-0000126,O20260310-000054,P00004,2,182.76,2026-03-07T03:29:06
L20260310-0000127,O20260310-000055,P00016,1,230.65,2026-03-08T06:52:25
L20260310-0000128,O20260310-000055,P00048,1,71.42,2026-03-06T02:01:04
L20260310-0000129,O20260310-000056,P00116,2,120.21,2026-03-05T03:02:29
L20260310-0000130,O20260310-000056,P00007,1,29.79,2026-03-04T15:01:24
L20260310-0000131,O20260310-000057,P00023,1,170.56,2026-03-06T08:28:56
L20260310-0000132,O20260310-000057,P00020,1,173.61,2026-03-07T20:18:31
L20260310-0000133,O20260310-000057,P00053,3,91.53,2026-03-09T08:24:08
L20260310-0000134,O20260310-000057,P00054,1,190.10,2026-03-10T12:50:45
L20260310-0000135,O20260310-000058,P00062,3,71.15,2026-03-05T12:17:11
L20260310-0000136,O20260310-000058,P00004,1,182.76,2026-03-10T08:03:51
L20260310-0000137,O20260310-000058,P00061,3,230.08,2026-03-07T05:06:15
L20260310-0000138,O20260310-000059,P00035,3,122.53,2026-03-04T11:59:53
L20260310-0000139,O20260310-000059,P00109,1,202.31,2026-03-05T23:44:22
L20260310-0000140,O20260310-000060,P00091,1,176.65,2026-03-08T18:12:53
L20260310-0000141,O20260310-000061,P00070,1,82.95,2026-03-10T02:03:14
L20260310-0000142,O20260310-000061,P00078,1,203.66,2026-03-03T00:21:58
L20260310-0000143,O20260310-000061,P00079,1,97.49,2026-03-08T10:03:01
L20260310-0000144,O20260310-000061,P00019,3,267.61,2026-03-05T02:23:45
L20260310-0000145,O20260310-000062,P00076,1,67.82,2026-03-05T04:10:46
L20260310-0000146,O20260310-000062,P00056,2,179.45,2026-03-05T07:42:37
L20260310-0000147,O20260310-000062,P00105,1,262.46,2026-03-06T04:11:46
L20260310-0000148,O20260310-000062,P00001,3,124.15,2026-03-10T05:38:20
L20260310-0000149,O20260310-000063,P00082,3,141.76,2026-03-08T10:47:04
L20260310-0000150,O20260310-000063,P00031,1,37.45,2026-03-09T22:42:40
L20260310-0000151,O20260310-000064,P00058,1,103.09,2026-03-07T22:04:22
L20260310-0000152,O20260310-000064,P00033,1,222.37,2026-03-04T14:46:26
L20260310-0000153,O20260310-000064,P00022,2,70.70,2026-03-05T17:24:06
L20260310-0000154,O20260310-000065,P00101,3,276.64,2026-03-03T02:51:54
L20260310-0000155,O20260310-000065,P00005,1,30.97,2026-03-06T03:04:21
L20260310-0000156,O20260310-000065,P00022,2,70.70,2026-03-09T10:38:39
L20260310-0000157,O20260310-000065,P00115,2,138.97,2026-03-08T19:56:27
L20260310-0000158,O20260310-000066,P00007,1,29.79,2026-03-07T13:44:35
L20260310-0000159,O20260310-000066,P00093,3,184.63,2026-03-06T07:06:03
L20260310-0000160,O20260310-000067,P00074,3,101.93,2026-03-10T11:00:27
L20260310-0000161,O20260310-000067,P00012,1,60.77,2026-03-07T03:01:13
L20260310-0000162,O20260310-000067,P00022,1,70.70,2026-03-09T09:50:25
L20260310-0000163,O20260310-000067,P00061,2,230.08,2026-03-04T05:23:56
L20260310-0000164,O20260310-000068,P00048,1,71.42,2026-03-06T14:29:16
L20260310-0000165,O20260310-000068,P00029,1,87.92,2026-03-08T22:42:06
L20260310-0000166,O20260310-000068,P00011,1,51.47,2026-03-07T17:03:53
L20260310-0000167,O20260310-000068,P00050,3,15.11,2026-03-03T18:56:15
L20260310-0000168,O20260310-000069,P00039,1,49.71,2026-03-08T03:48:28
L20260310-0000169,O20260310-000069,P00023,1,170.56,2026-03-08T01:27:05
L20260310-0000170,O20260310-000069,P00088,2,237.21,2026-03-06T10:58:46
L20260310-0000171,O20260310-000069,P00118,1,250.87,2026-03-04T17:20:54
L20260310-0000172,O20260310-000070,P00067,2,109.86,2026-03-04T03:26:09
L20260310-0000173,O20260310-000070,P00019,3,267.61,2026-03-09T03:36:49
L20260310-0000174,O20260310-000070,P00013,1,90.80,2026-03-04T08:24:41
L20260310-0000175,O20260310-000071,P00074,3,101.93,2026-03-08T08:25:09
L20260310-0000176,O20260310-000071,P00080,3,72.41,2026-03-04T10:44:15
L20260310-0000177,O20260310-000071,P00007,2,29.79,2026-03-10T10:52:50
L20260310-0000178,O20260310-000071,P00039,1,49.71,2026-03-09T07:08:19
L20260310-0000179,O20260310-000072,P00100,1,132.98,2026-03-09T06:28:13
L20260310-0000180,O20260310-000072,P00117,2,260.73,2026-03-05T01:32:50
L20260310-0000181,O20260310-000072,P00021,1,85.06,2026-03-04T04:49:54
L20260310-0000182,O20260310-000072,P00068,3,207.20,2026-03-07T06:53:03
L20260310-0000183,O20260310-000073,P00005,2,30.97,2026-03-07T08:23:52
L20260310-0000184,O20260310-000073,P00060,3,274.02,2026-03-10T07:23:31
L20260310-0000185,O20260310-000074,P00023,2,170.56,2026-03-05T11:10:53
L20260310-0000186,O20260310-000074,P00115,1,138.97,2026-03-10T12:03:10
L20260310-0000187,O20260310-000074,P00110,3,85.31,2026-03-07T21:13:17
L20260310-0000188,O20260310-000074,P00084,2,90.61,2026-03-10T15:58:08
L20260310-0000189,O20260310-000075,P00077,1,157.08,2026-03-06T22:45:41
L20260310-0000190,O20260310-000075,P00036,2,314.75,2026-03-03T08:13:29
L20260310-0000191,O20260310-000076,P00087,3,108.17,2026-03-09T00:32:42
L20260310-0000192,O20260310-000076,P00108,1,188.64,2026-03-06T09:43:06
L20260310-0000193,O20260310-000076,P00062,1,71.15,2026-03-05T08:16:41
L20260310-0000194,O20260310-000077,P00025,1,138.71,2026-03-10T19:25:42
L20260310-0000195,O20260310-000077,P00041,1,243.67,2026-03-06T08:58:26
L20260310-0000196,O20260310-000077,P00052,2,257.89,2026-03-07T10:46:45
L20260310-0000197,O20260310-000078,P00088,3,237.21,2026-03-06T05:53:42
L20260310-0000198,O20260310-000078,P00113,3,185.01,2026-03-09T15:08:47
L20260310-0000199,O20260310-000079,P00093,3,184.63,2026-03-09T07:22:14
L20260310-0000200,O20260310-000079,P00096,1,48.69,2026-03-05T08:37:18
L20260310-0000201,O20260310-000079,P00060,1,274.02,2026-03-09T15:56:12
L20260310-0000202,O20260310-000080,P00112,2,208.38,2026-03-04T01:55:54
L20260310-0000203,O20260310-000081,P00018,1,7.46,2026-03-03T04:20:55
L20260310-0000204,O20260310-000081,P00092,1,168.91,2026-03-05T20:11:20
L20260310-0000205,O20260310-000082,P00001,2,124.15,2026-03-08T18:48:10
L20260310-0000206,O20260310-000083,P00101,1,276.64,2026-03-04T20:27:25
L20260310-0000207,O20260310-000083,P00055,2,102.20,2026-03-10T17:12:46
L20260310-0000208,O20260310-000083,P00048,1,71.42,2026-03-07T00:43:00
L20260310-0000209,O20260310-000083,P00081,1,102.43,2026-03-06T04:06:24
L20260310-0000210,O20260310-000084,P00022,1,70.70,2026-03-06T14:46:33
L20260310-0000211,O20260310-000084,P00077,3,157.08,2026-03-08T10:57:31
L20260310-0000212,O20260310-000084,P00046,1,153.99,2026-03-10T07:14:46
L20260310-0000213,O20260310-000085,P00028,1,263.53,2026-03-08T03:23:45
L20260310-0000214,O20260310-000085,P00084,1,90.61,2026-03-10T19:03:42
L20260310-0000215,O20260310-000086,P00084,1,90.61,2026-03-04T14:24:07
L20260310-0000216,O20260310-000087,P00061,1,230.08,2026-03-06T13:42:06
L20260310-0000217,O20260310-000087,P00085,3,67.36,2026-03-08T13:53:57
L20260310-0000218,O20260310-000087,P00014,3,22.31,2026-03-06T03:50:06
L20260310-0000219,O20260310-000088,P00026,3,37.14,2026-03-07T11:45:26
L20260310-0000220,O20260310-000088,P00038,1,122.02,2026-03-03T06:44:59
L20260310-0000221,O20260310-000088,P00062,1,71.15,2026-03-10T21:05:58
L20260310-0000222,O20260310-000088,P00015,3,114.30,2026-03-09T16:04:46
L20260310-0000223,O20260310-000089,P00116,1,120.21,2026-03-06T08:29:03
L20260310-0000224,O20260310-000090,P00105,1,262.46,2026-03-05T21:20:27
L20260310-0000225,O20260310-000091,P00013,1,90.80,2026-03-08T10:22:57
L20260310-0000226,O20260310-000092,P00080,1,72.41,2026-03-05T05:07:25
L20260310-0000227,O20260310-000092,P00052,2,257.89,2026-03-03T13:41:56
L20260310-0000228,O20260310-000092,P00103,1,131.37,2026-03-10T05:06:26
L20260310-0000229,O20260310-000092,P00117,3,260.73,2026-03-03T05:39:24
L20260310-0000230,O20260310-000093,P00079,1,97.49,2026-03-03T03:56:26
L20260310-0000231,O20260310-000093,P00057,1,50.52,2026-03-05T00:45:55
L20260310-0000232,O20260310-000093,P00087,3,108.17,2026-03-07T21:55:21
L20260310-0000233,O20260310-000094,P00056,1,179.45,2026-03-04T04:53:52
L20260310-0000234,O20260310-000095,P00002,1,112.31,2026-03-03T05:04:48
L20260310-0000235,O20260310-000096,P00042,1,93.45,2026-03-10T16:14:35
L20260310-0000236,O20260310-000096,P00083,2,60.39,2026-03-09T14:28:51
L20260310-0000237,O20260310-000096,P00074,2,101.93,2026-03-03T10:07:31
L20260310-0000238,O20260310-000096,P00096,1,48.69,2026-03-04T01:35:35
L20260310-0000239,O20260310-000097,P00106,1,154.38,2026-03-06T16:35:13
L20260310-0000240,O20260310-000098,P00044,1,216.91,2026-03-03T10:35:49
L20260310-0000241,O20260310-000098,P00080,3,72.41,2026-03-03T03:06:48
L20260310-0000242,O20260310-000098,P00085,1,67.36,2026-03-05T20:51:18
L20260310-0000243,O20260310-000098,P00071,3,129.32,2026-03-10T05:31:08
L20260310-0000244,O20260310-000099,P00014,1,22.31,2026-03-07T03:59:54
L20260310-0000245,O20260310-000099,P00051,1,88.95,2026-03-05T03:48:26
L20260310-0000246,O20260310-000099,P00006,3,30.11,2026-03-03T21:37:32
L20260310-0000247,O20260310-000099,P00018,2,7.46,2026-03-10T17:59:27
L20260310-0000248,O20260310-000100,P00119,3,289.27,2026-03-08T23:52:08
L20260310-0000249,O20260310-000100,P00014,2,22.31,2026-03-05T16:56:24
L20260310-0000250,O20260310-000100,P00054,3,190.10,2026-03-04T10:18:28
L20260310-0000251,O20260310-000100,P00104,1,71.48,2026-03-06T22:35:55
L20260310-0000252,O20260310-000101,P00092,3,168.91,2026-03-07T19:45:18
L20260310-0000253,O20260310-000101,P00088,1,237.21,2026-03-05T22:07:48
L20260310-0000254,O20260310-000101,P00046,3,153.99,2026-03-04T21:47:57
L20260310-0000255,O20260310-000102,P00113,2,185.01,2026-03-09T00:24:09
L20260310-0000256,O20260310-000102,P00007,1,29.79,2026-03-08T09:43:16
L20260310-0000257,O20260310-000102,P00019,1,267.61,2026-03-10T11:52:28
L20260310-0000258,O20260310-000103,P00079,3,97.49,2026-03-04T07:32:50
L20260310-0000259,O20260310-000104,P00089,1,221.76,2026-03-04T21:20:35
L20260310-0000260,O20260310-000104,P00007,1,29.79,2026-03-03T07:58:40
L20260310-0000261,O20260310-000104,P00091,1,176.65,2026-03-07T23:12:18
L20260310-0000262,O20260310-000105,P00023,1,170.56,2026-03-09T12:02:27
L20260310-0000263,O20260310-000105,P00036,3,314.75,2026-03-08T18:54:16
L20260310-0000264,O20260310-000105,P00001,1,124.15,2026-03-10T04:59:20
L20260310-0000265,O20260310-000105,P00077,1,157.08,2026-03-03T18:35:22
L20260310-0000266,O20260310-000106,P00101,1,276.64,2026-03-08T16:04:50
L20260310-0000267,O20260310-000107,P00054,3,190.10,2026-03-09T11:14:56
L20260310-0000268,O20260310-000107,P00028,1,263.53,2026-03-06T06:48:39
L20260310-0000269,O20260310-000108,P00072,1,143.56,2026-03-03T07:57:41
L20260310-0000270,O20260310-000108,P00079,3,97.49,2026-03-05T12:58:50
L20260310-0000271,O20260310-000108,P00015,2,114.30,2026-03-06T00:58:33
L20260310-0000272,O20260310-000108,P00106,1,154.38,2026-03-03T15:02:18
L20260310-0000273,O20260310-000109,P00042,3,93.45,2026-03-08T17:34:00
L20260310-0000274,O20260310-000109,P00081,1,102.43,2026-03-04T03:13:34
L20260310-0000275,O20260310-000110,P00083,1,60.39,2026-03-03T22:21:02
L20260310-0000276,O20260310-000110,P00012,1,60.77,2026-03-06T17:04:36
L20260310-0000277,O20260310-000110,P00106,1,154.38,2026-03-04T14:40:25
L20260310-0000278,O20260310-000110,P00056,1,179.45,2026-03-09T17:00:41
L20260310-0000279,O20260310-000111,P00097,3,166.80,2026-03-05T16:06:18
L20260310-0000280,O20260310-000112,P00078,1,203.66,2026-03-04T12:52:42
L20260310-0000281,O20260310-000112,P00004,2,182.76,2026-03-07T04:47:25
L20260310-0000282,O20260310-000112,P00102,3,104.40,2026-03-06T21:56:58
L20260310-0000283,O20260310-000113,P00002,3,112.31,2026-03-09T01:00:36
L20260310-0000284,O20260310-000113,P00077,2,157.08,2026-03-09T09:13:47
L20260310-0000285,O20260310-000113,P00095,1,130.25,2026-03-08T05:11:14
L20260310-0000286,O20260310-000114,P00025,1,138.71,2026-03-10T17:29:41
L20260310-0000287,O20260310-000114,P00071,1,129.32,2026-03-06T03:12:46
L20260310-0000288,O20260310-000114,P00075,2,144.44,2026-03-08T21:41:15
L20260310-0000289,O20260310-000115,P00037,3,162.77,2026-03-05T15:28:21
L20260310-0000290,O20260310-000116,P00089,3,221.76,2026-03-05T10:27:10
L20260310-0000291,O20260310-000116,P00001,1,124.15,2026-03-04T08:53:23
L20260310-0000292,O20260310-000116,P00018,1,7.46,2026-03-03T11:49:19
L20260310-0000293,O20260310-000117,P00071,1,129.32,2026-03-09T08:54:52
L20260310-0000294,O20260310-000117,P00018,3,7.46,2026-03-09T23:04:57
L20260310-0000295,O20260310-000117,P00003,3,137.80,2026-03-04T18:13:58
L20260310-0000296,O20260310-000117,P00005,3,30.97,2026-03-03T20:49:09
L20260310-0000297,O20260310-000118,P00051,1,88.95,2026-03-08T14:32:32
L20260310-0000298,O20260310-000118,P00012,2,60.77,2026-03-10T21:15:54
L20260310-0000299,O20260310-000118,P00104,3,71.48,2026-03-08T14:10:11
L20260310-0000300,O20260310-000119,P00095,2,130.25,2026-03-07T15:14:04
L20260310-0000301,O20260310-000119,P00034,1,159.22,2026-03-07T16:58:50
L20260310-0000302,O20260310-000120,P00050,2,15.11,2026-03-10T20:20:06
L20260310-0000303,O20260310-000120,P00091,3,176.65,2026-03-08T12:41:24
L20260310-0000304,O20260310-000120,P00047,3,98.50,2026-03-06T12:58:14
L20260310-0000305,O20260310-000121,P00046,1,153.99,2026-03-10T16:56:08
L20260310-0000306,O20260310-000121,P00057,1,50.52,2026-03-06T06:09:11
L20260310-0000307,O20260310-000121,P00021,1,85.06,2026-03-07T13:51:21
L20260310-0000308,O20260310-000121,P00093,1,184.63,2026-03-03T06:37:10
L20260310-0000309,O20260310-000122,P00003,1,137.80,2026-03-08T04:40:32
L20260310-0000310,O20260310-000122,P00006,3,30.11,2026-03-08T08:59:11
L20260310-0000311,O20260310-000122,P00067,2,109.86,2026-03-10T23:46:42
L20260310-0000312,O20260310-000122,P00106,1,154.38,2026-03-03T19:30:55
L20260310-0000313,O20260310-000123,P00022,1,70.70,2026-03-08T18:52:49
L20260310-0000314,O20260310-000123,P00024,3,218.72,2026-03-08T23:43:21
L20260310-0000315,O20260310-000123,P00119,2,289.27,2026-03-09T07:24:24
L20260310-0000316,O20260310-000123,P00017,1,188.62,2026-03-04T04:38:06
L20260310-0000317,O20260310-000124,P00061,3,230.08,2026-03-09T02:30:42
L20260310-0000318,O20260310-000124,P00017,3,188.62,2026-03-04T16:26:23
L20260310-0000319,O20260310-000125,P00090,3,34.54,2026-03-03T12:22:37
L20260310-0000320,O20260310-000126,P00055,1,102.20,2026-03-07T02:18:38
L20260310-0000321,O20260310-000127,P00033,1,222.37,2026-03-09T16:00:24
L20260310-0000322,O20260310-000127,P00084,1,90.61,2026-03-05T03:09:27
L20260310-0000323,O20260310-000127,P00084,3,90.61,2026-03-04T18:23:39
L20260310-0000324,O20260310-000127,P00036,2,314.75,2026-03-03T05:23:35
L20260310-0000325,O20260310-000128,P00033,1,222.37,2026-03-04T23:08:54
L20260310-0000326,O20260310-000128,P00111,1,155.49,2026-03-08T03:13:32
L20260310-0000327,O20260310-000128,P00052,1,257.89,2026-03-10T05:24:40
L20260310-0000328,O20260310-000128,P00001,1,124.15,2026-03-04T02:04:16
L20260310-0000329,O20260310-000129,P00048,1,71.42,2026-03-04T12:39:41
L20260310-0000330,O20260310-000129,P00067,1,109.86,2026-03-08T20:31:28
L20260310-0000331,O20260310-000130,P00026,3,37.14,2026-03-10T19:32:33
L20260310-0000332,O20260310-000131,P00079,1,97.49,2026-03-07T20:00:10
L20260310-0000333,O20260310-000131,P00012,1,60.77,2026-03-04T12:37:12
L20260310-0000334,O20260310-000132,P00095,1,130.25,2026-03-06T23:53:35
L20260310-0000335,O20260310-000133,P00045,1,290.65,2026-03-07T14:59:25
L20260310-0000336,O20260310-000133,P00074,1,101.93,2026-03-04T16:06:35
L20260310-0000337,O20260310-000133,P00010,3,171.97,2026-03-09T16:16:56
L20260310-0000338,O20260310-000125,P00089,2,221.76,2026-03-03T07:48:21
L20260310-0000339,O20260310-000125,P00100,2,132.98,2026-03-10T15:07:16
L20260310-0000340,O20260310-000125,P00009,2,17.27,2026-03-05T13:22:33
L20260310-0000341,O20260310-000128,P00090,1,34.54,2026-03-09T12:43:47
L20260310-0000342,O20260310-000016,P00010,3,171.97,2026-03-05T11:13:57
L20260310-0000343,O20260310-000016,P00074,1,101.93,2026-03-03T23:12:15
L20260310-0000344,O20260310-000016,P00095,1,130.25,2026-03-07T06:53:15
L20260310-0000345,O20260310-000133,P00020,1,173.61,2026-03-03T19:00:48
L20260310-0000346,O20260310-000133,P00110,3,85.31,2026-03-05T19:20:31
L20260310-0000347,O20260310-000133,P00115,3,138.97,2026-03-08T16:17:25
L20260310-0000348,O20260310-000064,P00097,3,166.80,2026-03-04T15:34:02
L20260310-0000349,O20260310-000064,P00065,1,137.52,2026-03-03T03:44:33
L20260310-0000161,O20260310-000067,P00012,1,60.77,2026-03-07T03:01:13
L20260310-0000241,O20260310-000098,P00080,3,72.41,2026-03-03T03:06:48
L20260310-0000005,O20260310-000002,P00075,2,144.44,2026-03-07T10:14:24
L20260310-0000074,O20260310-000029,P00019,1,267.61,2026-03-03T04:36:40
L20260310-0000203,O20260310-000081,P00018,1,7.46,2026-03-03T04:20:55
L20260310-0000114,O20260310-000049,P00098,1,27.94,2026-03-04T00:14:34
L20260310-0000214,O20260310-000085,P00084,1,90.61,2026-03-10T19:03:42
L20260310-0000091,O20260310-000037,P00102,1,104.40,2026-03-09T07:35:38
L20260310-0000192,O20260310-000076,P00108,1,188.64,2026-03-06T09:43:06
L20260310-0000083,O20260310-000033,P00022,1,70.70,2026-03-07T13:41:05
L20260310-0000165,O20260310-000068,P00029,1,87.92,2026-03-08T22:42:06
L-BAD-ORPHAN,O19000101-000001,P99999,-3,NaN,yesterday
too,few,cols
L-RAW-BAD,not,proper,"unterminated quote
